/*Regiones*/
INSERT INTO regiones(id,nombre)values(1,'Sudamérica');
INSERT INTO regiones(id,nombre)values(2,'Centroamérica');
INSERT INTO regiones(id,nombre)values(3,'Norteamérica');
INSERT INTO regiones(id,nombre)values(4,'Europa');
INSERT INTO regiones(id,nombre)values(5,'Asia');
INSERT INTO regiones(id,nombre)values(6,'Africa');
INSERT INTO regiones(id,nombre)values(7,'Oceanía');
INSERT INTO regiones(id,nombre)values(8,'Antártida');
/*Regiones*/




INSERT INTO clientes(nombre,apellido,email,create_at,region_id)values('Diana Carolina','Vasquez Castro','d@gmail.com','2019-03-05',1);
INSERT INTO clientes(nombre,apellido,email,create_at,region_id)values('Jonathann David Arturo','Ladino Dueñas','jonlad52@gmail.com','2019-03-05',2);
INSERT INTO clientes(nombre,apellido,email,create_at,region_id)values('Camilo','Perez Castro','c@gmail.com','2019-03-05',3);
INSERT INTO clientes(nombre,apellido,email,create_at,region_id)values('Pedro','Castro','p@gmail.com','2019-03-05',4);
INSERT INTO clientes(nombre,apellido,email,create_at,region_id)values('Nidia Carolina','Rut','dddnr@gmail.com','2019-03-05',5);
INSERT INTO clientes(nombre,apellido,email,create_at,region_id)values('Guillermo','Alferes','ga@gmail.com','2019-03-05',6);
INSERT INTO clientes(nombre,apellido,email,create_at,region_id)values('Pedro2','Castro2','d2@gmail.com','2019-03-05',7);
INSERT INTO clientes(nombre,apellido,email,create_at,region_id)values('Pedro3','Castro3','d3@gmail.com','2019-03-05',8);
INSERT INTO clientes(nombre,apellido,email,create_at,region_id)values('Pedro4','Castro4','d4@gmail.com','2019-03-05',1);
INSERT INTO clientes(nombre,apellido,email,create_at,region_id)values('Pedro5','Castro5','d5@gmail.com','2019-03-05',2);

INSERT INTO clientes(nombre,apellido,email,create_at,region_id)values('Juan','Castro2','d21@gmail.com','2019-03-05',3);
INSERT INTO clientes(nombre,apellido,email,create_at,region_id)values('Alberto','Castro3','d32@gmail.com','2019-03-05',4);
INSERT INTO clientes(nombre,apellido,email,create_at,region_id)values('Miguel','Castro4','d43@gmail.com','2019-03-05',5);
INSERT INTO clientes(nombre,apellido,email,create_at,region_id)values('Guillermo','Castro5','d54@gmail.com','2019-03-05',1);

INSERT INTO clientes(nombre,apellido,email,create_at,region_id)values('Jehovany','Castro2','d25@gmail.com','2019-03-05',1);
INSERT INTO clientes(nombre,apellido,email,create_at,region_id)values('Johana','Castro3','d36@gmail.com','2019-03-05',1);
INSERT INTO clientes(nombre,apellido,email,create_at,region_id)values('Pilar','Castro4','d47@gmail.com','2019-03-05',1);
INSERT INTO clientes(nombre,apellido,email,create_at,region_id)values('Milton','Castro5','d58@gmail.com','2019-03-05',1);

INSERT INTO clientes(nombre,apellido,email,create_at,region_id)values('Nurin','Castro2','d29@gmail.com','2019-03-05',1);
INSERT INTO clientes(nombre,apellido,email,create_at,region_id)values('Jhon','Castro3','d310@gmail.com','2019-03-05',1);
INSERT INTO clientes(nombre,apellido,email,create_at,region_id)values('Doe','Castro4','d411@gmail.com','2019-03-05',1);
INSERT INTO clientes(nombre,apellido,email,create_at,region_id)values('Broli','Castro5','d512@gmail.com','2019-03-05',1);

INSERT INTO clientes(nombre,apellido,email,create_at,region_id)values('Bils','Castro2','d213@gmail.com','2019-03-05',1);
INSERT INTO clientes(nombre,apellido,email,create_at,region_id)values('Bernouly','Castro3','d314@gmail.com','2019-03-05',1);
INSERT INTO clientes(nombre,apellido,email,create_at,region_id)values('Brind','Castro4','d415@gmail.com','2019-03-05',1);
INSERT INTO clientes(nombre,apellido,email,create_at,region_id)values('Porta','Castro5','d516@gmail.com','2019-03-05',1);

INSERT INTO clientes(nombre,apellido,email,create_at,region_id)values('Orm','Castro2','qd217@gmail.com','2019-03-05',1);
INSERT INTO clientes(nombre,apellido,email,create_at,region_id)values('Lucas','Castro3','qd318@gmail.com','2019-03-05',1);
INSERT INTO clientes(nombre,apellido,email,create_at,region_id)values('Are','Castro4','qd419@gmail.com','2019-03-05',1);
INSERT INTO clientes(nombre,apellido,email,create_at,region_id)values('Trump','Castro5','qd520@gmail.com','2019-03-05',1); 

INSERT INTO clientes(nombre,apellido,email,create_at,region_id)values('Ulices','Castro2','jxhd21k7@gmail.com','2019-03-05',1);
INSERT INTO clientes(nombre,apellido,email,create_at,region_id)values('Remulo','Castro3','xhd318hj@gmail.com','2019-03-05',1);
INSERT INTO clientes(nombre,apellido,email,create_at,region_id)values('gim','Castro4','jxhd419@gmail.com','2019-03-05',1);
INSERT INTO clientes(nombre,apellido,email,create_at,region_id)values('Cartman','Castro5','uxhd520@gmail.com','2019-03-05',1); 

INSERT INTO clientes(nombre,apellido,email,create_at,region_id)values('Orm','Castro2','whd217@gmail.com','2019-03-05',1);
INSERT INTO clientes(nombre,apellido,email,create_at,region_id)values('Lucas','Castro3','whd318@gmail.com','2019-03-05',1);
INSERT INTO clientes(nombre,apellido,email,create_at,region_id)values('Are','Castro4','whd419@gmail.com','2019-03-05',1);
INSERT INTO clientes(nombre,apellido,email,create_at,region_id)values('Trump','Castro5','whd520@gmail.com','2019-03-05',1); 

INSERT INTO clientes(nombre,apellido,email,create_at,region_id)values('Orm','Castro2','xhd217@gmail.com','2019-03-05',1);
INSERT INTO clientes(nombre,apellido,email,create_at,region_id)values('Lucas','Castro3','xhd318@gmail.com','2019-03-05',1);
INSERT INTO clientes(nombre,apellido,email,create_at,region_id)values('Are','Castro4','xhd419@gmail.com','2019-03-05',1);
INSERT INTO clientes(nombre,apellido,email,create_at,region_id)values('Trump','Castro5','pixhd520@gmail.com','2019-03-05',1); 

INSERT INTO clientes(nombre,apellido,email,create_at,region_id)values('Orm','Castro2','thd217@gmail.com','2019-03-05',1);
INSERT INTO clientes(nombre,apellido,email,create_at,region_id)values('Lucas','Castro3','thd318@gmail.com','2019-03-05',1);
INSERT INTO clientes(nombre,apellido,email,create_at,region_id)values('Are','Castro4','thd419@gmail.com','2019-03-05',1);
INSERT INTO clientes(nombre,apellido,email,create_at,region_id)values('Trump','Castro5','thd520@gmail.com','2019-03-05',1); 

INSERT INTO clientes(nombre,apellido,email,create_at,region_id)values('Orm','Castro2','gxhd217@gmail.com','2019-03-05',1);
INSERT INTO clientes(nombre,apellido,email,create_at,region_id)values('Lucas','Castro3','gxhd318@gmail.com','2019-03-05',1);
INSERT INTO clientes(nombre,apellido,email,create_at,region_id)values('Are','Castro4','gxhd419@gmail.com','2019-03-05',1);
INSERT INTO clientes(nombre,apellido,email,create_at,region_id)values('Trump','Castro5','gxhd520@gmail.com','2019-03-05',1); 

INSERT INTO clientes(nombre,apellido,email,create_at,region_id)values('Orm','Castro2','zhd217@gmail.com','2019-03-05',1);
INSERT INTO clientes(nombre,apellido,email,create_at,region_id)values('Lucas','Castro3','zhd318@gmail.com','2019-03-05',1);
INSERT INTO clientes(nombre,apellido,email,create_at,region_id)values('Are','Castro4','zhd419@gmail.com','2019-03-05',1);
INSERT INTO clientes(nombre,apellido,email,create_at,region_id)values('Trump','Castro5','zhd520@gmail.com','2019-03-05',1); 

INSERT INTO clientes(nombre,apellido,email,create_at,region_id)values('Orm','Castro2','hd217@gmail.com','2019-03-05',1);
INSERT INTO clientes(nombre,apellido,email,create_at,region_id)values('Lucas','Castro3','hd318@gmail.com','2019-03-05',1);
INSERT INTO clientes(nombre,apellido,email,create_at,region_id)values('Are','Castro4','hd419@gmail.com','2019-03-05',1);
INSERT INTO clientes(nombre,apellido,email,create_at,region_id)values('Trump','Castro5','hd520@gmail.com','2019-03-05',1); 

INSERT INTO clientes(nombre,apellido,email,create_at,region_id)values('Orm','Castro2','xd217@gmail.com','2019-03-05',1);
INSERT INTO clientes(nombre,apellido,email,create_at,region_id)values('Lucas','Castro3','xd318@gmail.com','2019-03-05',1);
INSERT INTO clientes(nombre,apellido,email,create_at,region_id)values('Are','Castro4','xd419@gmail.com','2019-03-05',1);
INSERT INTO clientes(nombre,apellido,email,create_at,region_id)values('Trump','Castro5','xd520@gmail.com','2019-03-05',1);  



/*CREACION DE USUARIOS Y ROLES*/
INSERT INTO usuarios (id,username,password,enabled,nombre,apellido,email) values (1,'admin','$2a$10$uE02eqzoTybYDCIigVc9Cun7o5LTF6QTLUrSDHlmc6oezUsG6dkK2',1,'Administrator','Admin','admin@gmail.com');
INSERT INTO usuarios (id,username,password,enabled,nombre,apellido,email) values (2,'jonlad52','$2a$10$W31Yu6vny.sqHlDguyhQ1OI3RhMKPbn2z.unxKnXZPcs938eDkTSm',1,'Jonathann David','Ladino Dueñas','jonlad52@gmail.com');

INSERT INTO roles(id,nombre)values(1,'ROLE_ADMIN');
INSERT INTO roles(id,nombre)values(2,'ROLE_USER');

INSERT INTO usuarios_roles(user_id,role_id)values(1,1);
INSERT INTO usuarios_roles(user_id,role_id)values(1,2);
INSERT INTO usuarios_roles(user_id,role_id)values(2,2);
/*CREACION DE USUARIOS Y ROLES*/


/* Populate tabla productos */
INSERT INTO productos (id,nombre, precio, create_at) VALUES(1,'Panasonic Pantalla LCD', 259990, NOW());
INSERT INTO productos (id,nombre, precio, create_at) VALUES(2,'Sony Camara digital DSC-W320B', 123490, NOW());
INSERT INTO productos (id,nombre, precio, create_at) VALUES(3,'Apple iPod shuffle', 1499990, NOW());
INSERT INTO productos (id,nombre, precio, create_at) VALUES(4,'Sony Notebook Z110', 37990, NOW());
INSERT INTO productos (id,nombre, precio, create_at) VALUES(5,'Hewlett Packard Multifuncional F2280', 69990, NOW());
INSERT INTO productos (id,nombre, precio, create_at) VALUES(6,'Bianchi Bicicleta Aro 26', 69990, NOW());
INSERT INTO productos (id,nombre, precio, create_at) VALUES(7,'Mica Comoda 5 Cajones', 299990, NOW());

/* Creamos algunas facturas */
INSERT INTO facturas (descripcion, observacion, cliente_id, create_at) VALUES('Factura equipos de oficina', null, 1, NOW());

INSERT INTO facturas_items (cantidad, factura_id, producto_id) VALUES(1, 1, 1);
INSERT INTO facturas_items (cantidad, factura_id, producto_id) VALUES(2, 1, 4);
INSERT INTO facturas_items (cantidad, factura_id, producto_id) VALUES(1, 1, 5);
INSERT INTO facturas_items (cantidad, factura_id, producto_id) VALUES(1, 1, 7);

INSERT INTO facturas (descripcion, observacion, cliente_id, create_at) VALUES('Factura Bicicleta', 'Alguna nota importante!', 1, NOW());
INSERT INTO facturas_items (cantidad, factura_id, producto_id) VALUES(3, 2, 6);
